<?xml version="1.0" encoding="UTF-8"?>
<api context="/healthcare " name="HealthcareAPI" xmlns="http://ws.apache.org/ns/synapse">
    <resource methods="GET" uri-template=" /querydoctor/{category}">
        <inSequence>
            <log level="custom">
                <property name="message" value="&quot;Welcome to HealthcareService&quot;"/>
            </log>
            <send>
                <endpoint key="QueryDoctorEP"/>
            </send>
        </inSequence>
        <outSequence/>
        <faultSequence>
            <send/>
        </faultSequence>
    </resource>
    <resource methods="POST" uri-template="/categories/{category}/reserve">
        <inSequence>
            <property description="GetHospital" expression="json-eval($.hospital)" name="Hospital" scope="default" type="STRING"/>
            <switch source="json-eval($.hospital)">
                <case regex="grand oak community hospital">
                    <log description="Grand Oak Log" level="custom">
                        <property expression="fn:concat('Routing to ', get-property('Hospital'))" name="message"/>
                    </log>
                    <send>
                        <endpoint key="GrandOakEP"/>
                    </send>
                </case>
                <case regex=" clemency medical center">
                    <log description="Clemency Log" level="custom">
                        <property expression="fn:concat('Routing to ', get-property('Hospital'))" name="message"/>
                    </log>
                    <send>
                        <endpoint key="ClemencyEP"/>
                    </send>
                </case>
                <case regex="pine valley community hospital">
                    <log description=" Pine Valley Log" level="custom">
                        <property expression="fn:concat('Routing to ', get-property('Hospital'))" name="message"/>
                    </log>
                    <send>
                        <endpoint key="PineValleyEP"/>
                    </send>
                </case>
                <default>
                    <log description="Fault Log" level="custom">
                        <property expression="fn:concat('Invalid hospital - ', get-property('Hospital'))" name="message"/>
                    </log>
                    <respond description="Respond"/>
                    <send/>
                </default>
            </switch>
        </inSequence>
        <outSequence/>
        <faultSequence/>
    </resource>
</api>
